[[{"__type__":"cc.SceneAsset","_name":"game","scene":{"__id__":1},"asyncLoadAssets":null},{"__type__":"cc.Scene","_name":"New Node","_children":[{"__id__":2},{"__id__":3}],"_anchorPoint":{"__type__":"cc.Vec2"},"autoReleaseAssets":null},{"__type__":"cc.Node","_name":"totleCtl","_parent":{"__id__":1},"_components":[{"__type__":"e6bc2Ub5M9Dd7GwGButEx09","node":{"__id__":2}}],"_id":"dd8umQFYlD4af5Pcv9PUlU","_position":{"__type__":"cc.Vec2","x":360,"y":640}},{"__type__":"cc.Node","_name":"Canvas","_parent":{"__id__":1},"_children":[{"__id__":4},{"__id__":6},{"__id__":16},{"__id__":19},{"__id__":14},{"__id__":12},{"__id__":24},{"__id__":31},{"__id__":33}],"_components":[{"__type__":"cc.Canvas","node":{"__id__":3},"_designResolution":{"__type__":"cc.Size","width":720,"height":1280}},{"__type__":"4f75ctQWt1CDpwmQtBSC5ou","node":{"__id__":3},"tan1":{"__uuid__":"d6s37EfyBJ/5J2YBJ4kxiO"},"tan2":{"__uuid__":"bbcAhu7txPualOnCwAbVpB"},"crack1":{"__uuid__":"fePb62R81PF4KcbOdzecvK"},"crack2":{"__uuid__":"80XPMU7jhPT5Qj4l88iIz4"},"restartBtn":{"__id__":28},"beginBtn":{"__id__":27},"backtBtn":{"__id__":29},"pauseBtn":{"__id__":33},"hero":{"__id__":11},"brickLayout":{"__id__":21},"gameView":{"__id__":34},"bg":{"__id__":5},"overLayer":{"__id__":30}},{"__id__":34},{"__type__":"d4344v6J3NFV4EjQ5DsBzg5","node":{"__id__":3},"suipian":{"__uuid__":"b6zyU1bhBF74zwiZqg4efm"}}],"_id":"8dD52uc2VOwakHjTTHeiNj","_contentSize":{"__type__":"cc.Size","width":720,"height":1280},"_position":{"__type__":"cc.Vec2","x":360,"y":640}},{"__type__":"cc.Node","_name":"bg","_parent":{"__id__":3},"_components":[{"__type__":"cc.Sprite","node":{"__id__":4},"_spriteFrame":{"__uuid__":"a2MjXRFdtLlYQ5ouAFv/+R"},"_sizeMode":0},{"__id__":5}],"_color":{"__type__":"cc.Color","r":10,"g":6,"b":94},"_contentSize":{"__type__":"cc.Size","width":720,"height":1280}},{"__type__":"0b8c9zVNsBHCYb/S0tl8nKu","node":{"__id__":4}},{"__type__":"cc.Node","_name":"hero","_parent":{"__id__":3},"_children":[{"__id__":7},{"__id__":8},{"__id__":9},{"__id__":10}],"_components":[{"__type__":"cc.Sprite","node":{"__id__":6},"_spriteFrame":{"__uuid__":"a2MjXRFdtLlYQ5ouAFv/+R"},"_sizeMode":0},{"__id__":11},{"__type__":"cc.RigidBody","node":{"__id__":6},"_type":0},{"__type__":"cc.PhysicsBoxCollider","node":{"__id__":6},"tag":3,"_friction":0,"_restitution":1,"_size":{"__type__":"cc.Size","width":200,"height":80}}],"_contentSize":{"__type__":"cc.Size","width":200,"height":80},"_position":{"__type__":"cc.Vec2","y":-450}},{"__type__":"cc.Node","_name":"ear1","_parent":{"__id__":6},"_components":[{"__type__":"cc.Sprite","node":{"__id__":7},"_spriteFrame":{"__uuid__":"45wx0BGHNETKMX2Us+r9CA"},"_sizeMode":0},{"__type__":"cc.RigidBody","node":{"__id__":7},"_type":0},{"__type__":"cc.PhysicsPolygonCollider","node":{"__id__":7},"tag":3,"_friction":0,"_restitution":1,"points":[{"__type__":"cc.Vec2","x":-22.26,"y":-23.68},{"__type__":"cc.Vec2","x":22.43,"y":-23.76},{"__type__":"cc.Vec2","x":-1.66,"y":23.83}]},{"__type__":"cc.Widget","node":{"__id__":7},"_enabled":false,"_target":{"__id__":6},"_alignFlags":45,"_left":0.3999999999999915,"_right":155.2,"_top":-45.7,"_bottom":48.10000000000001,"_originalWidth":44.4,"_originalHeight":47.6}],"_contentSize":{"__type__":"cc.Size","width":44.40000000000002,"height":47.599999999999994},"_position":{"__type__":"cc.Vec2","x":-77,"y":63.2}},{"__type__":"cc.Node","_name":"ear2","_parent":{"__id__":6},"_components":[{"__type__":"cc.Sprite","node":{"__id__":8},"_spriteFrame":{"__uuid__":"45wx0BGHNETKMX2Us+r9CA"},"_sizeMode":0},{"__type__":"cc.RigidBody","node":{"__id__":8},"_type":0},{"__type__":"cc.PhysicsPolygonCollider","node":{"__id__":8},"tag":3,"_friction":0,"_restitution":1,"points":[{"__type__":"cc.Vec2","x":-22.19,"y":-23.8},{"__type__":"cc.Vec2","x":22.22,"y":-23.85},{"__type__":"cc.Vec2","x":-1.78,"y":23.804}]},{"__type__":"cc.Widget","node":{"__id__":8},"_enabled":false,"_target":{"__id__":6},"_alignFlags":45,"_left":155.6,"_top":-45.7,"_bottom":48.10000000000001,"_originalWidth":44.4,"_originalHeight":47.6}],"_contentSize":{"__type__":"cc.Size","width":44.400000000000006,"height":47.599999999999994},"_position":{"__type__":"cc.Vec2","x":78,"y":63.2}},{"__type__":"cc.Node","_name":"eay1","_parent":{"__id__":6},"_components":[{"__type__":"cc.Sprite","node":{"__id__":9},"_spriteFrame":{"__uuid__":"a2MjXRFdtLlYQ5ouAFv/+R"},"_sizeMode":0}],"_color":{"__type__":"cc.Color"},"_contentSize":{"__type__":"cc.Size","width":40,"height":10},"_position":{"__type__":"cc.Vec2","x":-31.8,"y":4.3}},{"__type__":"cc.Node","_name":"eay2","_parent":{"__id__":6},"_components":[{"__type__":"cc.Sprite","node":{"__id__":10},"_spriteFrame":{"__uuid__":"a2MjXRFdtLlYQ5ouAFv/+R"},"_sizeMode":0}],"_color":{"__type__":"cc.Color"},"_contentSize":{"__type__":"cc.Size","width":40,"height":10},"_position":{"__type__":"cc.Vec2","x":34.8,"y":4.3}},{"__type__":"cefb6L1vg1GW4tZ0yqYEjvP","node":{"__id__":6},"ballPrefab":{"__uuid__":"63rrFnNRVHPLUkxMmWhQsQ"},"putButton":{"__id__":12},"lineBtn":{"__id__":14}},{"__type__":"cc.Node","_name":"putButton","_parent":{"__id__":3},"_children":[{"__id__":13}],"_components":[{"__type__":"cc.Sprite","node":{"__id__":12},"_spriteFrame":{"__uuid__":"f0BIwQ8D5Ml7nTNQbh1YlS"},"_type":1,"_sizeMode":0},{"__type__":"cc.Button","node":{"__id__":12},"pressedColor":{"__type__":"cc.Color","r":255,"g":255,"b":255},"_N$normalColor":{"__type__":"cc.Color","r":255,"g":255,"b":255},"_N$disabledColor":{"__type__":"cc.Color","r":255,"g":255,"b":255},"_N$normalSprite":{"__uuid__":"f0BIwQ8D5Ml7nTNQbh1YlS"},"_N$pressedSprite":{"__uuid__":"e97GVMl6JHh5Ml5qEDdSGa"},"pressedSprite":{"__uuid__":"e97GVMl6JHh5Ml5qEDdSGa"},"_N$hoverSprite":{"__uuid__":"e97GVMl6JHh5Ml5qEDdSGa"},"hoverSprite":{"__uuid__":"e97GVMl6JHh5Ml5qEDdSGa"},"_N$disabledSprite":{"__uuid__":"29FYIk+N1GYaeWH/q1NxQO"},"_N$target":{"__id__":12}}],"_contentSize":{"__type__":"cc.Size","width":100,"height":40},"_position":{"__type__":"cc.Vec2","x":295,"y":-584}},{"__type__":"cc.Node","_name":"Label","_parent":{"__id__":12},"_components":[{"__type__":"cc.Label","node":{"__id__":13},"_useOriginalSize":false,"_actualFontSize":20,"_fontSize":20,"_enableWrapText":false,"_N$string":"放置","_N$horizontalAlign":1,"_N$verticalAlign":1,"_N$overflow":1}],"_color":{"__type__":"cc.Color"},"_contentSize":{"__type__":"cc.Size","width":100,"height":40}},{"__type__":"cc.Node","_name":"lineButton","_parent":{"__id__":3},"_children":[{"__id__":15}],"_components":[{"__type__":"cc.Sprite","node":{"__id__":14},"_spriteFrame":{"__uuid__":"f0BIwQ8D5Ml7nTNQbh1YlS"},"_type":1,"_sizeMode":0},{"__type__":"cc.Button","node":{"__id__":14},"transition":2,"pressedColor":{"__type__":"cc.Color","r":255,"g":255,"b":255},"_N$normalColor":{"__type__":"cc.Color","r":255,"g":255,"b":255},"_N$disabledColor":{"__type__":"cc.Color","r":255,"g":255,"b":255},"_N$normalSprite":{"__uuid__":"f0BIwQ8D5Ml7nTNQbh1YlS"},"_N$pressedSprite":{"__uuid__":"e97GVMl6JHh5Ml5qEDdSGa"},"pressedSprite":{"__uuid__":"e97GVMl6JHh5Ml5qEDdSGa"},"_N$hoverSprite":{"__uuid__":"e97GVMl6JHh5Ml5qEDdSGa"},"hoverSprite":{"__uuid__":"e97GVMl6JHh5Ml5qEDdSGa"},"_N$disabledSprite":{"__uuid__":"29FYIk+N1GYaeWH/q1NxQO"},"_N$target":{"__id__":14}}],"_contentSize":{"__type__":"cc.Size","width":100,"height":40},"_position":{"__type__":"cc.Vec2","x":173.5,"y":-584}},{"__type__":"cc.Node","_name":"Label","_parent":{"__id__":14},"_components":[{"__type__":"cc.Label","node":{"__id__":15},"_useOriginalSize":false,"_actualFontSize":20,"_fontSize":20,"_enableWrapText":false,"_N$string":"连发","_N$horizontalAlign":1,"_N$verticalAlign":1,"_N$overflow":1}],"_color":{"__type__":"cc.Color"},"_contentSize":{"__type__":"cc.Size","width":100,"height":40}},{"__type__":"cc.Node","_name":"top","_parent":{"__id__":3},"_children":[{"__id__":17}],"_components":[{"__type__":"cc.Label","node":{"__id__":16},"_useOriginalSize":false,"_N$string":"得分：","_N$horizontalAlign":1,"_N$verticalAlign":1}],"_contentSize":{"__type__":"cc.Size","width":120,"height":40},"_position":{"__type__":"cc.Vec2","x":161,"y":593}},{"__type__":"cc.Node","_name":"topScore","_parent":{"__id__":16},"_components":[{"__id__":18}],"_contentSize":{"__type__":"cc.Size","width":22.25,"height":40},"_position":{"__type__":"cc.Vec2","x":65}},{"__type__":"cc.Label","node":{"__id__":17},"_useOriginalSize":false,"_N$string":"0","_N$horizontalAlign":1,"_N$verticalAlign":1},{"__type__":"cc.Node","_name":"PhysicsLayer","_parent":{"__id__":3},"_children":[{"__id__":20},{"__id__":22},{"__id__":23}],"_anchorPoint":{"__type__":"cc.Vec2"},"_position":{"__type__":"cc.Vec2","x":-640,"y":-360}},{"__type__":"cc.Node","_name":"brickLayer","_parent":{"__id__":19},"_components":[{"__id__":21}],"_anchorPoint":{"__type__":"cc.Vec2","y":1},"_contentSize":{"__type__":"cc.Size","width":600,"height":400},"_position":{"__type__":"cc.Vec2","x":341,"y":902}},{"__type__":"e57edk56cZGuLdo4BSiAwW+","node":{"__id__":20},"padding":8,"spacing":10,"cols":10,"brickPrefab":{"__uuid__":"a7fqNa0KlM6oVyuvxV8Ql/"},"bricksNumber":50},{"__type__":"cc.Node","_name":"wall","_parent":{"__id__":19},"_components":[{"__type__":"cc.RigidBody","node":{"__id__":22},"_type":0},{"__type__":"cc.PhysicsBoxCollider","node":{"__id__":22},"tag":4,"_offset":{"__type__":"cc.Vec2","x":230.3,"y":366.4},"_size":{"__type__":"cc.Size","width":100,"height":1297}},{"__type__":"cc.PhysicsBoxCollider","node":{"__id__":22},"tag":4,"_offset":{"__type__":"cc.Vec2","x":640,"y":1049},"_size":{"__type__":"cc.Size","width":1282,"height":100}},{"__type__":"cc.PhysicsBoxCollider","node":{"__id__":22},"tag":4,"_friction":0,"_restitution":1,"_offset":{"__type__":"cc.Vec2","x":1058,"y":382},"_size":{"__type__":"cc.Size","width":117,"height":1373}}]},{"__type__":"cc.Node","_name":"ground","_parent":{"__id__":19},"_components":[{"__type__":"cc.RigidBody","node":{"__id__":23},"_type":0},{"__type__":"cc.PhysicsBoxCollider","node":{"__id__":23},"tag":2,"_friction":0,"_restitution":1,"_offset":{"__type__":"cc.Vec2","x":679,"y":-329.1},"_size":{"__type__":"cc.Size","width":1398,"height":100}}]},{"__type__":"cc.Node","_name":"overLayer","_parent":{"__id__":3},"_children":[{"__id__":25},{"__id__":27},{"__id__":28},{"__id__":29}],"_components":[{"__type__":"cc.Sprite","node":{"__id__":24},"_spriteFrame":{"__uuid__":"dd8shzh1FF0rkEFn70kqLs"}},{"__id__":30},{"__type__":"cc.Widget","node":{"__id__":24},"_alignFlags":45,"_left":83.92000000000002,"_right":83.92000000000002,"_top":473.6,"_bottom":473.59999999999997,"_originalWidth":272,"_originalHeight":160}],"_contentSize":{"__type__":"cc.Size","width":272,"height":160},"_scaleX":2.03,"_scaleY":2.08,"_position":{"__type__":"cc.Vec2","y":-2.842170943040401e-14}},{"__type__":"cc.Node","_name":"score","_parent":{"__id__":24},"_children":[{"__id__":26}],"_components":[{"__type__":"cc.Label","node":{"__id__":25},"_useOriginalSize":false,"_actualFontSize":35,"_fontSize":35,"_lineHeight":35,"_N$string":"最终得分：","_N$horizontalAlign":1,"_N$verticalAlign":1},{"__type__":"cc.Widget","node":{"__id__":25},"_alignFlags":45,"_left":48.5,"_right":48.5,"_top":69.5,"_bottom":55.5,"_originalWidth":175,"_originalHeight":35}],"_contentSize":{"__type__":"cc.Size","width":175,"height":35},"_position":{"__type__":"cc.Vec2","y":-7}},{"__type__":"cc.Node","_name":"result","_parent":{"__id__":25},"_components":[{"__type__":"cc.Label","node":{"__id__":26},"_useOriginalSize":false,"_actualFontSize":35,"_fontSize":35,"_lineHeight":35,"_N$string":" You ","_N$horizontalAlign":1,"_N$verticalAlign":1},{"__type__":"cc.Widget","node":{"__id__":26},"_alignFlags":45,"_left":96.745,"_right":96.745,"_top":6.5,"_bottom":118.5,"_originalWidth":78.51,"_originalHeight":35}],"_color":{"__type__":"cc.Color","g":40,"b":248},"_contentSize":{"__type__":"cc.Size","width":-18.49000000000001,"height":-90},"_position":{"__type__":"cc.Vec2","y":56}},{"__type__":"cc.Node","_name":"begin","_parent":{"__id__":24},"_components":[{"__type__":"cc.Sprite","node":{"__id__":27},"_spriteFrame":{"__uuid__":"ec9Hk8Hb5J4Lixtw/y8UO4"},"_type":1,"_sizeMode":0},{"__type__":"cc.Button","node":{"__id__":27},"pressedColor":{"__type__":"cc.Color","r":255,"g":255,"b":255},"_N$normalColor":{"__type__":"cc.Color","r":255,"g":255,"b":255},"_N$disabledColor":{"__type__":"cc.Color","r":255,"g":255,"b":255},"_N$normalSprite":{"__uuid__":"ec9Hk8Hb5J4Lixtw/y8UO4"},"_N$pressedSprite":{"__uuid__":"e97GVMl6JHh5Ml5qEDdSGa"},"pressedSprite":{"__uuid__":"e97GVMl6JHh5Ml5qEDdSGa"},"_N$hoverSprite":{"__uuid__":"e97GVMl6JHh5Ml5qEDdSGa"},"hoverSprite":{"__uuid__":"e97GVMl6JHh5Ml5qEDdSGa"},"_N$disabledSprite":{"__uuid__":"29FYIk+N1GYaeWH/q1NxQO"},"_N$target":{"__id__":27}},{"__type__":"cc.Widget","node":{"__id__":27},"_alignFlags":45,"_left":58.7,"_right":183.3,"_top":121,"_bottom":9,"_originalWidth":30,"_originalHeight":30}],"_contentSize":{"__type__":"cc.Size","width":29.999999999999986,"height":30},"_position":{"__type__":"cc.Vec2","x":-62.300000000000004,"y":-56}},{"__type__":"cc.Node","_name":"restart","_parent":{"__id__":24},"_components":[{"__type__":"cc.Sprite","node":{"__id__":28},"_spriteFrame":{"__uuid__":"dbcBqwMDVMdKNgsSXwR46r"},"_type":1,"_sizeMode":0},{"__type__":"cc.Button","node":{"__id__":28},"pressedColor":{"__type__":"cc.Color","r":255,"g":255,"b":255},"_N$normalColor":{"__type__":"cc.Color","r":255,"g":255,"b":255},"_N$disabledColor":{"__type__":"cc.Color","r":255,"g":255,"b":255},"_N$normalSprite":{"__uuid__":"dbcBqwMDVMdKNgsSXwR46r"},"_N$pressedSprite":{"__uuid__":"e97GVMl6JHh5Ml5qEDdSGa"},"pressedSprite":{"__uuid__":"e97GVMl6JHh5Ml5qEDdSGa"},"_N$hoverSprite":{"__uuid__":"e97GVMl6JHh5Ml5qEDdSGa"},"hoverSprite":{"__uuid__":"e97GVMl6JHh5Ml5qEDdSGa"},"_N$disabledSprite":{"__uuid__":"29FYIk+N1GYaeWH/q1NxQO"},"_N$target":{"__id__":28}},{"__type__":"cc.Widget","node":{"__id__":28},"_alignFlags":45,"_left":106,"_right":106,"_top":121,"_bottom":9,"_originalWidth":60,"_originalHeight":30}],"_contentSize":{"__type__":"cc.Size","width":60,"height":30},"_position":{"__type__":"cc.Vec2","y":-56}},{"__type__":"cc.Node","_name":"back","_parent":{"__id__":24},"_components":[{"__type__":"cc.Sprite","node":{"__id__":29},"_spriteFrame":{"__uuid__":"62B1XijHFBV61J8E2pB0Tg"},"_type":1,"_sizeMode":0},{"__type__":"cc.Button","node":{"__id__":29},"pressedColor":{"__type__":"cc.Color","r":255,"g":255,"b":255},"_N$normalColor":{"__type__":"cc.Color","r":255,"g":255,"b":255},"_N$disabledColor":{"__type__":"cc.Color","r":255,"g":255,"b":255},"_N$normalSprite":{"__uuid__":"62B1XijHFBV61J8E2pB0Tg"},"_N$pressedSprite":{"__uuid__":"e97GVMl6JHh5Ml5qEDdSGa"},"pressedSprite":{"__uuid__":"e97GVMl6JHh5Ml5qEDdSGa"},"_N$hoverSprite":{"__uuid__":"e97GVMl6JHh5Ml5qEDdSGa"},"hoverSprite":{"__uuid__":"e97GVMl6JHh5Ml5qEDdSGa"},"_N$disabledSprite":{"__uuid__":"29FYIk+N1GYaeWH/q1NxQO"},"_N$target":{"__id__":29}},{"__type__":"cc.Widget","node":{"__id__":29},"_alignFlags":45,"_left":184.8,"_right":57.19999999999999,"_top":121,"_bottom":9,"_originalWidth":30,"_originalHeight":30}],"_contentSize":{"__type__":"cc.Size","width":30,"height":30},"_position":{"__type__":"cc.Vec2","x":63.80000000000001,"y":-56}},{"__type__":"c9b02xa0PFGabXLCSn+PD+Z","node":{"__id__":24},"topScore":{"__id__":18}},{"__type__":"cc.Node","_name":"ballLabel","_parent":{"__id__":3},"_children":[{"__id__":32}],"_components":[{"__type__":"cc.Label","node":{"__id__":31},"_useOriginalSize":false,"_N$string":"0","_N$horizontalAlign":1,"_N$verticalAlign":1}],"_contentSize":{"__type__":"cc.Size","width":22.25,"height":40},"_position":{"__type__":"cc.Vec2","x":-222.5,"y":-597.4}},{"__type__":"cc.Node","_name":"New Label","_parent":{"__id__":31},"_components":[{"__type__":"cc.Label","node":{"__id__":32},"_useOriginalSize":false,"_N$string":"弹珠：","_N$horizontalAlign":1,"_N$verticalAlign":1}],"_contentSize":{"__type__":"cc.Size","width":120,"height":40},"_position":{"__type__":"cc.Vec2","x":-74.3,"y":3}},{"__type__":"cc.Node","_name":"psuse","_parent":{"__id__":3},"_components":[{"__type__":"cc.Sprite","node":{"__id__":33},"_spriteFrame":{"__uuid__":"e6iYiUqwxDMqSPS/v+jQCD"},"_type":1,"_sizeMode":0},{"__type__":"cc.Button","node":{"__id__":33},"pressedColor":{"__type__":"cc.Color","r":255,"g":255,"b":255},"_N$normalColor":{"__type__":"cc.Color","r":255,"g":255,"b":255},"_N$disabledColor":{"__type__":"cc.Color","r":255,"g":255,"b":255},"_N$normalSprite":{"__uuid__":"e6iYiUqwxDMqSPS/v+jQCD"},"_N$pressedSprite":{"__uuid__":"e97GVMl6JHh5Ml5qEDdSGa"},"pressedSprite":{"__uuid__":"e97GVMl6JHh5Ml5qEDdSGa"},"_N$hoverSprite":{"__uuid__":"e97GVMl6JHh5Ml5qEDdSGa"},"hoverSprite":{"__uuid__":"e97GVMl6JHh5Ml5qEDdSGa"},"_N$disabledSprite":{"__uuid__":"29FYIk+N1GYaeWH/q1NxQO"},"_N$target":{"__id__":33}}],"_contentSize":{"__type__":"cc.Size","width":50,"height":50},"_position":{"__type__":"cc.Vec2","x":-285,"y":592}},{"__type__":"2be49qGvu9Ar6UbnEYScUIT","node":{"__id__":3},"scoreLabel":{"__id__":18}}],{"__type__":"cc.SpriteFrame","content":{"name":"default_btn_disabled","texture":"71VhFCTINJM6/Ky3oX9nBT","rect":[0,0,40,40],"offset":[0,0],"originalSize":[40,40],"capInsets":[15,7,15,9]}},{"__type__":"cc.SpriteFrame","content":{"name":"ear","texture":"4aqzzIZDFMXKjdKrPnKGQC","rect":[172,74,302,255],"offset":[-127,98.5],"originalSize":[900,600]}},{"__type__":"cc.SpriteFrame","content":{"name":"ball","texture":"68K7Fo3+xFnKNWdN+nchtt","rect":[0,0,34,33],"offset":[0,0],"originalSize":[34,33]}},{"__type__":"cc.SpriteFrame","content":{"name":"shadedDark21","texture":"d3P1J9GwhKR5m+8SDxsRtL","rect":[0,0,48,48],"offset":[0,0],"originalSize":[48,48]}},[{"__type__":"cc.Prefab","_name":"ball","data":{"__id__":1},"asyncLoadAssets":null},{"__type__":"cc.Node","_name":"ball","_children":[{"__id__":2}],"_components":[{"__type__":"cc.Sprite","node":{"__id__":1},"_spriteFrame":{"__uuid__":"57Vud2WO5FCqmP486xiuiz"},"_isTrimmedMode":false},{"__type__":"cc.RigidBody","node":{"__id__":1},"_gravityScale":0,"_linearVelocity":{"__type__":"cc.Vec2","x":700,"y":700},"enabledContactListener":true,"bullet":true},{"__type__":"cc.PhysicsCircleCollider","node":{"__id__":1},"_friction":0,"_restitution":1,"_radius":16.2},{"__type__":"b4bf7QPdX1In73KHqPLcp+s","node":{"__id__":1}}],"_prefab":{"__type__":"cc.PrefabInfo","root":{"__id__":1},"asset":{"__uuid__":"63rrFnNRVHPLUkxMmWhQsQ"},"fileId":"00ByBlfI1AiaLFXdKJUM0K"},"_contentSize":{"__type__":"cc.Size","width":34,"height":33}},{"__type__":"cc.Node","_name":"number","_parent":{"__id__":1},"_components":[{"__type__":"cc.Label","node":{"__id__":2},"_useOriginalSize":false,"_actualFontSize":20,"_fontSize":20,"_lineHeight":20,"_N$string":"100","_N$horizontalAlign":1,"_N$verticalAlign":1}],"_prefab":{"__type__":"cc.PrefabInfo","root":{"__id__":1},"asset":{"__uuid__":"63rrFnNRVHPLUkxMmWhQsQ"},"fileId":"35Jc4f6A9CLZDAMRHLpkpA"},"_contentSize":{"__type__":"cc.Size","width":33.37,"height":20}}],{"__type__":"cc.SpriteFrame","content":{"name":"default_sprite_splash","texture":"02delMVqdBD70a/HSD99FK","rect":[0,0,2,2],"offset":[0,0],"originalSize":[2,2]}},[{"__type__":"cc.Prefab","_name":"brick","data":{"__id__":1},"asyncLoadAssets":null},{"__type__":"cc.Node","_name":"brick","_children":[{"__id__":2}],"_components":[{"__type__":"cc.Sprite","node":{"__id__":1},"_spriteFrame":{"__uuid__":"a2MjXRFdtLlYQ5ouAFv/+R"},"_sizeMode":0},{"__type__":"cc.RigidBody","node":{"__id__":1},"_type":0},{"__type__":"cc.PhysicsBoxCollider","node":{"__id__":1},"tag":1,"_friction":0,"_restitution":1,"_size":{"__type__":"cc.Size","width":50,"height":25}}],"_prefab":{"__type__":"cc.PrefabInfo","root":{"__id__":1},"asset":{"__uuid__":"a7fqNa0KlM6oVyuvxV8Ql/"},"fileId":"6agplYDNpANJntTpPZ/8f1"},"_color":{"__type__":"cc.Color","g":255,"b":214},"_contentSize":{"__type__":"cc.Size","width":50,"height":25}},{"__type__":"cc.Node","_name":"number","_parent":{"__id__":1},"_components":[{"__type__":"cc.Label","node":{"__id__":2},"_useOriginalSize":false,"_actualFontSize":20,"_fontSize":20,"_lineHeight":25,"_N$string":"100","_N$horizontalAlign":1,"_N$verticalAlign":1}],"_prefab":{"__type__":"cc.PrefabInfo","root":{"__id__":1},"asset":{"__uuid__":"a7fqNa0KlM6oVyuvxV8Ql/"},"fileId":"b5vpre10lLQIqxQezmddHy"},"_contentSize":{"__type__":"cc.Size","width":33.37,"height":25}}],[{"__type__":"cc.Prefab","_name":"suipian","data":{"__id__":1},"asyncLoadAssets":null},{"__type__":"cc.Node","_name":"suipian","_children":[{"__id__":2}],"_components":[{"__type__":"cc.Sprite","node":{"__id__":1},"_spriteFrame":{"__uuid__":"a2MjXRFdtLlYQ5ouAFv/+R"},"_sizeMode":0}],"_prefab":{"__type__":"cc.PrefabInfo","root":{"__id__":1},"asset":{"__uuid__":"b6zyU1bhBF74zwiZqg4efm"},"fileId":"dagUbR0O1ORZ+IA+vqN1us"},"_contentSize":{"__type__":"cc.Size","width":20,"height":20}},{"__type__":"cc.Node","_name":"ctx","_parent":{"__id__":1},"_components":[{"__type__":"cc.Graphics","node":{"__id__":2}}],"_prefab":{"__type__":"cc.PrefabInfo","root":{"__id__":1},"asset":{"__uuid__":"b6zyU1bhBF74zwiZqg4efm"},"fileId":"8a9SZQS3ZBc4US0wrK0Kba"}}],{"__type__":"cc.SpriteFrame","content":{"name":"shadedDark42","texture":"1bId+9Rz5Cc4p8uimJD2Ct","rect":[0,0,108,48],"offset":[0,0],"originalSize":[108,48]}},{"__type__":"cc.SpriteFrame","content":{"name":"bg","texture":"2cUAC1oXNJWJe3vIfhlzD/","rect":[0,0,272,160],"offset":[0,0],"originalSize":[272,160]}},{"__type__":"cc.SpriteFrame","content":{"name":"shadedDark14","texture":"7dIqnc2zNIY6XaLC27zXGJ","rect":[0,0,48,48],"offset":[0,0],"originalSize":[48,48]}},{"__type__":"cc.SpriteFrame","content":{"name":"default_btn_pressed","texture":"b4P/PCArtIdIH38t6mlw8Y","rect":[0,0,40,40],"offset":[0,0],"originalSize":[40,40],"capInsets":[11,11,11,7]}},{"__type__":"cc.SpriteFrame","content":{"name":"shadedDark16","texture":"9btwu+P05O7LMf/sstWLER","rect":[0,0,48,48],"offset":[0,0],"originalSize":[48,48]}},{"__type__":"cc.SpriteFrame","content":{"name":"default_btn_normal","texture":"e8Ueib+qJEhL6mXAHdnwbi","rect":[0,0,40,40],"offset":[0,0],"originalSize":[40,40],"capInsets":[8,11,7,9]}}]